<?xml version="1.0" encoding="UTF-8"?>
<project-private xmlns="http://www.netbeans.org/ns/project-private/1">
    <editor-bookmarks xmlns="http://www.netbeans.org/ns/editor-bookmarks/2" lastBookmarkId="0"/>
    <open-files xmlns="http://www.netbeans.org/ns/projectui-open-files/2">
        <group>
            <file>file:/C:/Users/Nicho/OneDrive/Documentos/GitHub/TrabalhoPOO-SpaceInvaders/SpaceInvaders/src/spaceinvaders/elementos/Entidade.java</file>
            <file>file:/C:/Users/Nicho/OneDrive/Documentos/GitHub/TrabalhoPOO-SpaceInvaders/SpaceInvaders/src/spaceinvaders/SpaceInvaders.java</file>
            <file>file:/C:/Users/Nicho/OneDrive/Documentos/GitHub/TrabalhoPOO-SpaceInvaders/SpaceInvaders/src/spaceinvaders/elementos/Nave.java</file>
            <file>file:/C:/Users/Nicho/OneDrive/Documentos/GitHub/TrabalhoPOO-SpaceInvaders/SpaceInvaders/src/spaceinvaders/elementos/Movivel.java</file>
            <file>file:/C:/Users/Nicho/OneDrive/Documentos/GitHub/TrabalhoPOO-SpaceInvaders/SpaceInvaders/src/spaceinvaders/elementos/Canhao.java</file>
            <file>file:/C:/Users/Nicho/OneDrive/Documentos/GitHub/TrabalhoPOO-SpaceInvaders/SpaceInvaders/src/spaceinvaders/interfaceGrafica/Tela.java</file>
            <file>file:/C:/Users/Nicho/OneDrive/Documentos/GitHub/TrabalhoPOO-SpaceInvaders/SpaceInvaders/src/spaceinvaders/interfaceGrafica/Sprite.java</file>
            <file>file:/C:/Users/Nicho/OneDrive/Documentos/GitHub/TrabalhoPOO-SpaceInvaders/SpaceInvaders/src/spaceinvaders/engine/Jogo.java</file>
            <file>file:/C:/Users/Nicho/OneDrive/Documentos/GitHub/TrabalhoPOO-SpaceInvaders/SpaceInvaders/src/spaceinvaders/elementos/Base.java</file>
            <file>file:/C:/Users/Nicho/OneDrive/Documentos/GitHub/TrabalhoPOO-SpaceInvaders/SpaceInvaders/src/spaceinvaders/elementos/Tiro.java</file>
        </group>
    </open-files>
</project-private>
